{
  "nssm": {
    "val_rmse": 0.03898043057835208,
    "val_mape": 0.06982771307229996,
    "test_rmse": 0.039337316531979145,
    "test_mape": 0.07951504737138748
  },
  "lstm": {
    "val_rmse": 0.03342847923008389,
    "val_mape": 0.060282714664936066,
    "test_rmse": 0.03348002082906505,
    "test_mape": 0.06736528873443604
  },
  "sarimax": {
    "test_rmse": 1.1216074049350224,
    "test_mape": 0.40045024017434144
  }
}